,,,,,,,,,,,,
+(KR)ystal Eyes [tripleS],,,,,,,,,,,,
1000°(??),,,,,,,,,,,,
2Z(??),,,,,,,,,,,,
8TURN,,,,,,,,,,,,
Aaron [Former NU’EST],,,,,,,,,,,,
Achii (???),,,,,,,,,,,,
ACID EYES (tripleS),,,,,,,,,,,,
ADYA(????),,,,,,,,,,,,
AESTHETIC,,,,,,,,,,,,
Ahn Sung Hoon(???),,,,,,,,,,,,
an,,,,,,,,,,,,
ASTER (???),,,,,,,,,,,,
ATBO,,,,,,,,,,,,
ATLAS,,,,,,,,,,,,
Aty(??),,,,,,,,,,,,
Azito Pictures (??? ???),,,,,,,,,,,,
B.O.(??),,,,,,,,,,,,
BABYS,,,,,,,,,,,,
Baek YeBin (Former DIA's Member),,,,,,,,,,,,
BAKJIJI (???),,,,,,,,,,,,
BanHaNa(???),,,,,,,,,,,,
Bas Bao (????),,,,,,,,,,,,
BLSG(??????),,,,,,,,,,,,
Blue Turtle Land (??????),,,,,,,,,,,,
Bryan Chase,,,,,,,,,,,,
Bunny.T (???),,,,,,,,,,,,
Byeol Eun (??),,,,,,,,,,,,
BYEOL SARANG,,,,,,,,,,,,
Celine(??),,,,,,,,,,,,
Cha Ga Eul (???),,,,,,,,,,,,
CHAE LUA (???),,,,,,,,,,,,
Cho Hyung Woo(???),,,,,,,,,,,,
Cho potato (???),,,,,,,,,,,,
Choco1,,,,,,,,,,,,
ChoCo1&2,,,,,,,,,,,,
Choi Ingyeong (???),,,,,,,,,,,,
CHU HWA JEONG(???),,,,,,,,,,,,
Coin dot (????),,,,,,,,,,,,
CrackShot (???),,,,,,,,,,,,
Dilla Yoon,,,,,,,,,,,,
Dive,,,,,,,,,,,,
DK (???),,,,,,,,,,,,
Doldams(???),,,,,,,,,,,,
Donghyun (??),,,,,,,,,,,,
DONNA,,,,,,,,,,,,
dori,,,,,,,,,,,,
Dustin (???),,,,,,,,,,,,
EK,,,,,,,,,,,,
Electriceels (?????),,,,,,,,,,,,
Eunice (DIA),,,,,,,,,,,,
Fantamony(????),,,,,,,,,,,,
Feverse (???),,,,,,,,,,,,
Ga Teh(??),,,,,,,,,,,,
GB9(????),,,,,,,,,,,,
Geonu of JUST B(??? (JUST B)),,,,,,,,,,,,
Great Guys,,,,,,,,,,,,
Grizzly (????),,,,,,,,,,,,
GUMMY(??),,,,,,,,,,,,
GUNJI (??),,,,,,,,,,,,
GyeongseoYeji(????),,,,,,,,,,,,
gyuahh (??),,,,,,,,,,,,
h3re (??),,,,,,,,,,,,
H5YUN (??),,,,,,,,,,,,
Ha Hyun Woo (???),,,,,,,,,,,,
HAHA(??) & U-KWON(??) (RBZ (?????)),,,,,,,,,,,,
Han Dong Geun(???),,,,,,,,,,,,
Han Seungwoo [Victon],,,,,,,,,,,,
Hangsung (??),,,,,,,,,,,,
HASHTAG,,,,,,,,,,,,
HELLO GLOOM,,,,,,,,,,,,
Heo Hoy Kyung (???),,,,,,,,,,,,
Hiding Day(?? ??),,,,,,,,,,,,
Hi-Fi Un!corn,,,,,,,,,,,,
Hong Isaac (???),,,,,,,,,,,,
Hoon [U-KISS],,,,,,,,,,,,
Hosun(??),,,,,,,,,,,,
Hummingthings(????),,,,,,,,,,,,
HWANG CHI YEUL(???),,,,,,,,,,,,
Hwang InWook,,,,,,,,,,,,
HYUK(?),,,,,,,,,,,,
HYUNSU(??),,,,,,,,,,,,
I.M (MONSTA X),,,,,,,,,,,,
INTHESTUDIO (??????),,,,,,,,,,,,
ivwan,,,,,,,,,,,,
Jade (???),,,,,,,,,,,,
Jamie Miller,,,,,,,,,,,,
jANE (??),,,,,,,,,,,,
JANG HYE RI(???) ,,,,,,,,,,,,
Jang Min Ho(???),,,,,,,,,,,,
JAY (iKON),,,,,,,,,,,,
J-Cera (????),,,,,,,,,,,,
JEOMi,,,,,,,,,,,,
Jeon Sang Keun(???),,,,,,,,,,,,
Jin Minho (???),,,,,,,,,,,,
Jio(???),,,,,,,,,,,,
Jmeott (??),,,,,,,,,,,,
Jo Yuri & Chae Soobin,,,,,,,,,,,,
Joe Aram(???),,,,,,,,,,,,
JONGHYEON (??),,,,,,,,,,,,
JOO SEOL OK (???),,,,,,,,,,,,
Jooyoung (??),,,,,,,,,,,,
JSB,,,,,,,,,,,,
JU-NE (iKON),,,,,,,,,,,,
Jung Jae Wook(???),,,,,,,,,,,,
Jung SeungHan,,,,,,,,,,,,
Jung SeungHwan,,,,,,,,,,,,
JUNGMO (??),,,,,,,,,,,,
JUNIEL,,,,,,,,,,,,
justjunsu(????) (of american beggar(????)),,,,,,,,,,,,
"Jvke, Jimin of BTS, Charlie Puth, Muni Long",,,,,,,,,,,,
K JUN (???),,,,,,,,,,,,
Kang Hyeyeon,,,,,,,,,,,,
Kang jeonhan(???),,,,,,,,,,,,
Kang Minhee(???)(LMK),,,,,,,,,,,,
KEEP021(???),,,,,,,,,,,,
Kessia,,,,,,,,,,,,
Kim A Reum (???),,,,,,,,,,,,
KIM DO HEE,,,,,,,,,,,,
KIM DOAH [Fanatics],,,,,,,,,,,,
Kim Dohee,,,,,,,,,,,,
Kim Hyun Jin(???),,,,,,,,,,,,
Kim JaeHwan,,,,,,,,,,,,
Kim Na Young (???),,,,,,,,,,,,
Kim Sung Kyu,,,,,,,,,,,,
KIM YEON JI(???),,,,,,,,,,,,
KIM YUNA(???),,,,,,,,,,,,
KISS OF LIFE,,,,,,,,,,,,
KISS OF LIFE (???????),,,,,,,,,,,,
KLANG (??),,,,,,,,,,,,
KwonMilk (???),,,,,,,,,,,,
KyoungSeo,,,,,,,,,,,,
l!ldumb(??),,,,,,,,,,,,
LauRel,,,,,,,,,,,,
LAYSHA,,,,,,,,,,,,
leanon & Cookiee Kawai & Fatou [BLACKSWAN],,,,,,,,,,,,
Lee ChangSub,,,,,,,,,,,,
Lee HongGi,,,,,,,,,,,,
Lee Juck(??),,,,,,,,,,,,
Lee Kyura,,,,,,,,,,,,
Lee Mijoo,,,,,,,,,,,,
LEE MIN KWAN,,,,,,,,,,,,
Lee Mujin (???),,,,,,,,,,,,
Lee Won Seok (DAYBREAK),,,,,,,,,,,,
"LEE YEEUN, Jeon Gunho",,,,,,,,,,,,
LeeNa(???),,,,,,,,,,,,
LimJi(??),,,,,,,,,,,,
Lucas Park(????),,,,,,,,,,,,
LUN8 (Fantagio's New Boy Group),,,,,,,,,,,,
Mateo(???),,,,,,,,,,,,
MAXMILLIAN GINUS (????? ???),,,,,,,,,,,,
MAZZEL,,,,,,,,,,,,
Mew(??),,,,,,,,,,,,
MIDNATT (Hybe's Artist),,,,,,,,,,,,
Mihee (??),,,,,,,,,,,,
MiJoo (Former Lovelyz's Member),,,,,,,,,,,,
Ministella (?????),,,,,,,,,,,,
MIRRIOR,,,,,,,,,,,,
MISAMO,,,,,,,,,,,,
MISS MERCY ,,,,,,,,,,,,
Moon Mincheol (???),,,,,,,,,,,,
Moonbit(??),,,,,,,,,,,,
MOONCHILD ,,,,,,,,,,,,
Nahee,,,,,,,,,,,,
Nam Dong Hyun,,,,,,,,,,,,
NCT DREAM,,,,,,,,,,,,
NEUS,,,,,,,,,,,,
Nicole (KARA),,,,,,,,,,,,
NIKA (??),,,,,,,,,,,,
NINE to SIX (DKZ's Unit),,,,,,,,,,,,
nochexintoma,,,,,,,,,,,,
NOEL,,,,,,,,,,,,
NYOON,,,,,,,,,,,,
Nyork,,,,,,,,,,,,
NYOU,,,,,,,,,,,,
Oh Seung Ha (???),,,,,,,,,,,,
OHDA5N(???),,,,,,,,,,,,
OhHyunWoo(???),,,,,,,,,,,,
Old Yearning(????),,,,,,,,,,,,
OOHYO,,,,,,,,,,,,
oshii,,,,,,,,,,,,
OYEON(??),,,,,,,,,,,,
PAE KI PYO (???),,,,,,,,,,,,
Pae Kyoung Been (???),,,,,,,,,,,,
Park Bom (??),,,,,,,,,,,,
Park Boram(???),,,,,,,,,,,,
Park Hyeon Seo(???),,,,,,,,,,,,
Park hyun kyu (???),,,,,,,,,,,,
PARK JEUP,,,,,,,,,,,,
Park Rossi,,,,,,,,,,,,
Park Soeun (???),,,,,,,,,,,,
PEKKI(??),,,,,,,,,,,,
PL (??),,,,,,,,,,,,
PLAN B,,,,,,,,,,,,
PLAVE,,,,,,,,,,,,
PO.U.RYU(???),,,,,,,,,,,,
Puer Kim (???),,,,,,,,,,,,
Q6IX,,,,,,,,,,,,
QI.X,,,,,,,,,,,,
Rainbow note(???? ??),,,,,,,,,,,,
RAN,,,,,,,,,,,,
Raon & DAZBEE,,,,,,,,,,,,
RBZ (?????),,,,,,,,,,,,
Ren (NU'EST),,,,,,,,,,,,
"Risso (??), BNJX (???)",,,,,,,,,,,,
Roa (Rocking doll),,,,,,,,,,,,
"Romin, Won Jun, Yu Jun Sang [E’LAST]",,,,,,,,,,,,
"Rose(??), Flora(???)",,,,,,,,,,,,
Rosmile (????),,,,,,,,,,,,
Roy Kim (???),,,,,,,,,,,,
ROYA,,,,,,,,,,,,
saera (??) X SER!N(??),,,,,,,,,,,,
SakaZan,,,,,,,,,,,,
SB19,,,,,,,,,,,,
Seo Dahyun(???) (tripleS(?????)),,,,,,,,,,,,
SeolA (WJSN),,,,,,,,,,,,
SER!N,,,,,,,,,,,,
Shin Eui Jin(???),,,,,,,,,,,,
SHIN IN RYU (???),,,,,,,,,,,,
Shin Seung Tae,,,,,,,,,,,,
Shin Yu (??),,,,,,,,,,,,
SIA JIWOO(????),,,,,,,,,,,,
Siha(??),,,,,,,,,,,,
SILVERBELL (Eunjong/??),,,,,,,,,,,,
SingSong La(???),,,,,,,,,,,,
SKYE,,,,,,,,,,,,
Sohyang,,,,,,,,,,,,
Son Chamchi(???),,,,,,,,,,,,
Sondia,,,,,,,,,,,,
Song Ha Yea (???),,,,,,,,,,,,
SOOHYUN (U-KISS),,,,,,,,,,,,
Soombee (??),,,,,,,,,,,,
SoRi & Ra.D,,,,,,,,,,,,
Soseo,,,,,,,,,,,,
Sou (???),,,,,,,,,,,,
SUMSHER (??),,,,,,,,,,,,
SUNG MIN JE(???),,,,,,,,,,,,
Sung SiKyung,,,,,,,,,,,,
Sunggyu [INFINITE],,,,,,,,,,,,
Sungmin [Super Junior],,,,,,,,,,,,
SUNYE,,,,,,,,,,,,
Suzy (??),,,,,,,,,,,,
Sweet Sorrow (?????),,,,,,,,,,,,
SWJA,,,,,,,,,,,,
T5 (TREASURE's Unit),,,,,,,,,,,,
Tae Kyeong Yeo,,,,,,,,,,,,
"Taeb2, 104",,,,,,,,,,,,
"TAEO, Bababa, Youngcode",,,,,,,,,,,,
TAEYONG [NCT],,,,,,,,,,,,
TEAM 24 o’clock (? 24?),,,,,,,,,,,,
The Deep,,,,,,,,,,,,
THE NEW SIX (TNX),,,,,,,,,,,,
The VANE,,,,,,,,,,,,
The Wind ,,,,,,,,,,,,
THE7,,,,,,,,,,,,
TIGER EATS TOAST,,,,,,,,,,,,
TILDE (??),,,,,,,,,,,,
TMC,,,,,,,,,,,,
TOGGLES (???),,,,,,,,,,,,
TONY AN (H.O.T),,,,,,,,,,,,
Tophyun (??),,,,,,,,,,,,
tripleS +(KR)ystal Eyes,,,,,,,,,,,,
True Kim,,,,,,,,,,,,
Two Sisters,,,,,,,,,,,,
Two Sisters (???),,,,,,,,,,,,
U&I (????),,,,,,,,,,,,
UKISS,,,,,,,,,,,,
UN1TY,,,,,,,,,,,,
Vanillare (????),,,,,,,,,,,,
VAV,,,,,,,,,,,,
VI’ENX(????),,,,,,,,,,,,
Vincent Blue,,,,,,,,,,,,
Vincent (Crackshot),,,,,,,,,,,,
VVON (?),,,,,,,,,,,,
Webley(???),,,,,,,,,,,,
WetBoy (???) x Jo Hyun Ah (???),,,,,,,,,,,,
WGAG(????),,,,,,,,,,,,
White+Space(??? ????),,,,,,,,,,,,
Whos (??),,,,,,,,,,,,
WISUE (??),,,,,,,,,,,,
Woo [former LIMITLESS],,,,,,,,,,,,
Woo Yerin (???),,,,,,,,,,,,
Woo (???),,,,,,,,,,,,
WOOBIN (CRAVITY),,,,,,,,,,,,
Woosoo (??),,,,,,,,,,,,
Wooyoung (2PM),,,,,,,,,,,,
Yang Da Il (???),,,,,,,,,,,,
Yang HeeEun & Chen (EXO),,,,,,,,,,,,
Yebit (??),,,,,,,,,,,,
Yellow Claw & Sorn,,,,,,,,,,,,
Yeokeun Kim,,,,,,,,,,,,
YongYong(??),,,,,,,,,,,,
Yoo SeMi (???),,,,,,,,,,,,
Yoo Yong Min (???),,,,,,,,,,,,
Yoon Jong Shin,,,,,,,,,,,,
You ChaeHoon (LA POEM),,,,,,,,,,,,
YOU CHAEHOON (???),,,,,,,,,,,,
Youbyeol(??),,,,,,,,,,,,
Young K (DAY 6),,,,,,,,,,,,
YOUNG SKI (? ??),,,,,,,,,,,,
YU YEON WOO(???),,,,,,,,,,,,
YUDABINBAND (?????),,,,,,,,,,,,
"Yun Seokcheol(???), Sejin(??)",,,,,,,,,,,,
Yun Seong(??),,,,,,,,,,,,
YUNHWAY (???),,,,,,,,,,,,
ZHOUMI (??),,,,,,,,,,,,
Zia(??),,,,,,,,,,,,
,,,,,,,,,,,,
,,,,,,,,,,,,
,,,,,,,,,,,,
,,,,,,,,,,,,
,,,,,,,,,,,,
,,,,,,,,,,,,
,,,,,,,,,,,,
,,,,,,,,,,,,
,,,,,,,,,,,,
,,,,,,,,,,,,
,,,,,,,,,,,,
,,,,,,,,,,,,
,,,,,,,,,,,,
,,,,,,,,,,,,
,,,,,,,,,,,,
,,,,,,,,,,,,
,,,,,,,,,,,,
,,,,,,,,,,,,
,,,,,,,,,,,,
,,,,,,,,,,,,
,,,,,,,,,,,,
,,,,,,,,,,,,
,,,,,,,,,,,,
,,,,,,,,,,,,
,,,,,,,,,,,,
,,,,,,,,,,,,
,,,,,,,,,,,,
,,,,,,,,,,,,
,,,,,,,,,,,,
,,,,,,,,,,,,
,,,,,,,,,,,,
,,,,,,,,,,,,
,,,,,,,,,,,,
,,,,,,,,,,,,
,,,,,,,,,,,,
,,,,,,,,,,,,
,,,,,,,,,,,,
,,,,,,,,,,,,
,,,,,,,,,,,,
,,,,,,,,,,,,
,,,,,,,,,,,,
,,,,,,,,,,,,
,,,,,,,,,,,,
,,,,,,,,,,,,
,,,,,,,,,,,,
,,,,,,,,,,,,
,,,,,,,,,,,,
,,,,,,,,,,,,
,,,,,,,,,,,,
,,,,,,,,,,,,
,,,,,,,,,,,,
,,,,,,,,,,,,
,,,,,,,,,,,,
,,,,,,,,,,,,
,,,,,,,,,,,,
,,,,,,,,,,,,
,,,,,,,,,,,,
,,,,,,,,,,,,
,,,,,,,,,,,,
,,,,,,,,,,,,
,,,,,,,,,,,,
,,,,,,,,,,,,
,,,,,,,,,,,,
,,,,,,,,,,,,
,,,,,,,,,,,,
,,,,,,,,,,,,
,,,,,,,,,,,,
,,,,,,,,,,,,
,,,,,,,,,,,,
,,,,,,,,,,,,
,,,,,,,,,,,,
,,,,,,,,,,,,
,,,,,,,,,,,,
,,,,,,,,,,,,
,,,,,,,,,,,,
,,,,,,,,,,,,
,,,,,,,,,,,,
,,,,,,,,,,,,
,,,,,,,,,,,,
,,,,,,,,,,,,
,,,,,,,,,,,,
,,,,,,,,,,,,
,,,,,,,,,,,,
,,,,,,,,,,,,
,,,,,,,,,,,,
,,,,,,,,,,,,
,,,,,,,,,,,,
,,,,,,,,,,,,
,,,,,,,,,,,,
,,,,,,,,,,,,
,,,,,,,,,,,,
,,,,,,,,,,,,
,,,,,,,,,,,,
,,,,,,,,,,,,
,,,,,,,,,,,,
,,,,,,,,,,,,
,,,,,,,,,,,,
,,,,,,,,,,,,
,,,,,,,,,,,,
,,,,,,,,,,,,
,,,,,,,,,,,,
,,,,,,,,,,,,
,,,,,,,,,,,,
,,,,,,,,,,,,
,,,,,,,,,,,,
,,,,,,,,,,,,
,,,,,,,,,,,,
,,,,,,,,,,,,
,,,,,,,,,,,,
,,,,,,,,,,,,
,,,,,,,,,,,,
,,,,,,,,,,,,
,,,,,,,,,,,,
,,,,,,,,,,,,
,,,,,,,,,,,,
,,,,,,,,,,,,
,,,,,,,,,,,,
,,,,,,,,,,,,
,,,,,,,,,,,,
,,,,,,,,,,,,
,,,,,,,,,,,,
,,,,,,,,,,,,
,,,,,,,,,,,,
,,,,,,,,,,,,
,,,,,,,,,,,,
,,,,,,,,,,,,
,,,,,,,,,,,,
,,,,,,,,,,,,
,,,,,,,,,,,,
,,,,,,,,,,,,
,,,,,,,,,,,,
,,,,,,,,,,,,
,,,,,,,,,,,,
,,,,,,,,,,,,
,,,,,,,,,,,,
,,,,,,,,,,,,
,,,,,,,,,,,,
,,,,,,,,,,,,
,,,,,,,,,,,,
,,,,,,,,,,,,
,,,,,,,,,,,,
,,,,,,,,,,,,
,,,,,,,,,,,,
,,,,,,,,,,,,
,,,,,,,,,,,,
,,,,,,,,,,,,
,,,,,,,,,,,,
,,,,,,,,,,,,
,,,,,,,,,,,,
,,,,,,,,,,,,
,,,,,,,,,,,,
,,,,,,,,,,,,
,,,,,,,,,,,,
,,,,,,,,,,,,
,,,,,,,,,,,,
,,,,,,,,,,,,
,,,,,,,,,,,,
,,,,,,,,,,,,
,,,,,,,,,,,,
,,,,,,,,,,,,
,,,,,,,,,,,,
,,,,,,,,,,,,
,,,,,,,,,,,,
,,,,,,,,,,,,
,,,,,,,,,,,,
,,,,,,,,,,,,
,,,,,,,,,,,,
,,,,,,,,,,,,
,,,,,,,,,,,,
,,,,,,,,,,,,
,,,,,,,,,,,,
,,,,,,,,,,,,
,,,,,,,,,,,,
,,,,,,,,,,,,
,,,,,,,,,,,,
,,,,,,,,,,,,
,,,,,,,,,,,,
,,,,,,,,,,,,
,,,,,,,,,,,,
,,,,,,,,,,,,
,,,,,,,,,,,,
,,,,,,,,,,,,
,,,,,,,,,,,,
,,,,,,,,,,,,
,,,,,,,,,,,,
,,,,,,,,,,,,
,,,,,,,,,,,,
,,,,,,,,,,,,
,,,,,,,,,,,,
,,,,,,,,,,,,
,,,,,,,,,,,,
,,,,,,,,,,,,
,,,,,,,,,,,,
,,,,,,,,,,,,
,,,,,,,,,,,,
,,,,,,,,,,,,
,,,,,,,,,,,,
,,,,,,,,,,,,
,,,,,,,,,,,,
,,,,,,,,,,,,
,,,,,,,,,,,,
,,,,,,,,,,,,
,,,,,,,,,,,,
,,,,,,,,,,,,
,,,,,,,,,,,,
,,,,,,,,,,,,
,,,,,,,,,,,,
,,,,,,,,,,,,
,,,,,,,,,,,,
,,,,,,,,,,,,
,,,,,,,,,,,,
,,,,,,,,,,,,
,,,,,,,,,,,,
,,,,,,,,,,,,
,,,,,,,,,,,,
,,,,,,,,,,,,
,,,,,,,,,,,,
,,,,,,,,,,,,
,,,,,,,,,,,,
,,,,,,,,,,,,
,,,,,,,,,,,,
,,,,,,,,,,,,
,,,,,,,,,,,,
,,,,,,,,,,,,
,,,,,,,,,,,,
,,,,,,,,,,,,
,,,,,,,,,,,,
,,,,,,,,,,,,
,,,,,,,,,,,,
,,,,,,,,,,,,
,,,,,,,,,,,,
,,,,,,,,,,,,
,,,,,,,,,,,,
,,,,,,,,,,,,
,,,,,,,,,,,,
,,,,,,,,,,,,
,,,,,,,,,,,,
,,,,,,,,,,,,
,,,,,,,,,,,,
,,,,,,,,,,,,
,,,,,,,,,,,,
,,,,,,,,,,,,
,,,,,,,,,,,,
,,,,,,,,,,,,
,,,,,,,,,,,,
,,,,,,,,,,,,
,,,,,,,,,,,,
,,,,,,,,,,,,
,,,,,,,,,,,,
,,,,,,,,,,,,
,,,,,,,,,,,,
,,,,,,,,,,,,
,,,,,,,,,,,,
,,,,,,,,,,,,
,,,,,,,,,,,,
,,,,,,,,,,,,
,,,,,,,,,,,,
,,,,,,,,,,,,
,,,,,,,,,,,,
,,,,,,,,,,,,
,,,,,,,,,,,,
,,,,,,,,,,,,
,,,,,,,,,,,,
,,,,,,,,,,,,
,,,,,,,,,,,,
,,,,,,,,,,,,
,,,,,,,,,,,,
,,,,,,,,,,,,
,,,,,,,,,,,,
,,,,,,,,,,,,
,,,,,,,,,,,,
,,,,,,,,,,,,
,,,,,,,,,,,,
,,,,,,,,,,,,
,,,,,,,,,,,,
,,,,,,,,,,,,
,,,,,,,,,,,,
,,,,,,,,,,,,
,,,,,,,,,,,,
,,,,,,,,,,,,
,,,,,,,,,,,,
,,,,,,,,,,,,
,,,,,,,,,,,,
,,,,,,,,,,,,
,,,,,,,,,,,,
,,,,,,,,,,,,
,,,,,,,,,,,,
,,,,,,,,,,,,
,,,,,,,,,,,,
,,,,,,,,,,,,
,,,,,,,,,,,,
,,,,,,,,,,,,
,,,,,,,,,,,,
,,,,,,,,,,,,
,,,,,,,,,,,,
,,,,,,,,,,,,
,,,,,,,,,,,,
,,,,,,,,,,,,
,,,,,,,,,,,,
,,,,,,,,,,,,
,,,,,,,,,,,,
,,,,,,,,,,,,
,,,,,,,,,,,,
,,,,,,,,,,,,
,,,,,,,,,,,,
,,,,,,,,,,,,
,,,,,,,,,,,,
,,,,,,,,,,,,
,,,,,,,,,,,,
,,,,,,,,,,,,
,,,,,,,,,,,,
,,,,,,,,,,,,
,,,,,,,,,,,,
,,,,,,,,,,,,
,,,,,,,,,,,,
,,,,,,,,,,,,
,,,,,,,,,,,,
,,,,,,,,,,,,
,,,,,,,,,,,,
,,,,,,,,,,,,
,,,,,,,,,,,,
,,,,,,,,,,,,
,,,,,,,,,,,,
,,,,,,,,,,,,
,,,,,,,,,,,,
,,,,,,,,,,,,
,,,,,,,,,,,,
,,,,,,,,,,,,
,,,,,,,,,,,,
,,,,,,,,,,,,
,,,,,,,,,,,,
,,,,,,,,,,,,
,,,,,,,,,,,,
,,,,,,,,,,,,
,,,,,,,,,,,,
,,,,,,,,,,,,
,,,,,,,,,,,,
,,,,,,,,,,,,
,,,,,,,,,,,,
,,,,,,,,,,,,
,,,,,,,,,,,,
,,,,,,,,,,,,
,,,,,,,,,,,,
,,,,,,,,,,,,
,,,,,,,,,,,,
,,,,,,,,,,,,
,,,,,,,,,,,,
,,,,,,,,,,,,
,,,,,,,,,,,,
,,,,,,,,,,,,
,,,,,,,,,,,,
,,,,,,,,,,,,
,,,,,,,,,,,,
,,,,,,,,,,,,
,,,,,,,,,,,,
,,,,,,,,,,,,
,,,,,,,,,,,,
,,,,,,,,,,,,
,,,,,,,,,,,,
,,,,,,,,,,,,
,,,,,,,,,,,,
,,,,,,,,,,,,
,,,,,,,,,,,,
,,,,,,,,,,,,
,,,,,,,,,,,,
,,,,,,,,,,,,
,,,,,,,,,,,,
,,,,,,,,,,,,
,,,,,,,,,,,,
,,,,,,,,,,,,
,,,,,,,,,,,,
,,,,,,,,,,,,
,,,,,,,,,,,,
,,,,,,,,,,,,
,,,,,,,,,,,,
,,,,,,,,,,,,
,,,,,,,,,,,,
,,,,,,,,,,,,
,,,,,,,,,,,,
,,,,,,,,,,,,
,,,,,,,,,,,,
,,,,,,,,,,,,
,,,,,,,,,,,,
,,,,,,,,,,,,
,,,,,,,,,,,,
,,,,,,,,,,,,
,,,,,,,,,,,,
,,,,,,,,,,,,
,,,,,,,,,,,,
,,,,,,,,,,,,
,,,,,,,,,,,,
,,,,,,,,,,,,
,,,,,,,,,,,,
,,,,,,,,,,,,
,,,,,,,,,,,,
,,,,,,,,,,,,
,,,,,,,,,,,,
,,,,,,,,,,,,
,,,,,,,,,,,,
,,,,,,,,,,,,
,,,,,,,,,,,,
,,,,,,,,,,,,
,,,,,,,,,,,,
,,,,,,,,,,,,
,,,,,,,,,,,,
,,,,,,,,,,,,
,,,,,,,,,,,,
,,,,,,,,,,,,
,,,,,,,,,,,,
,,,,,,,,,,,,
,,,,,,,,,,,,
,,,,,,,,,,,,
,,,,,,,,,,,,
,,,,,,,,,,,,
,,,,,,,,,,,,
,,,,,,,,,,,,
,,,,,,,,,,,,
,,,,,,,,,,,,
,,,,,,,,,,,,
,,,,,,,,,,,,
,,,,,,,,,,,,
,,,,,,,,,,,,
,,,,,,,,,,,,
,,,,,,,,,,,,
,,,,,,,,,,,,
,,,,,,,,,,,,
,,,,,,,,,,,,
,,,,,,,,,,,,
,,,,,,,,,,,,
,,,,,,,,,,,,
,,,,,,,,,,,,
,,,,,,,,,,,,
,,,,,,,,,,,,
,,,,,,,,,,,,
,,,,,,,,,,,,
,,,,,,,,,,,,
,,,,,,,,,,,,
,,,,,,,,,,,,
,,,,,,,,,,,,
,,,,,,,,,,,,
,,,,,,,,,,,,
,,,,,,,,,,,,
,,,,,,,,,,,,
,,,,,,,,,,,,
,,,,,,,,,,,,
,,,,,,,,,,,,
,,,,,,,,,,,,
,,,,,,,,,,,,
,,,,,,,,,,,,
,,,,,,,,,,,,
,,,,,,,,,,,,
,,,,,,,,,,,,
,,,,,,,,,,,,
,,,,,,,,,,,,
,,,,,,,,,,,,
,,,,,,,,,,,,
,,,,,,,,,,,,
,,,,,,,,,,,,
,,,,,,,,,,,,
,,,,,,,,,,,,
,,,,,,,,,,,,
,,,,,,,,,,,,
,,,,,,,,,,,,
,,,,,,,,,,,,
,,,,,,,,,,,,
,,,,,,,,,,,,
,,,,,,,,,,,,
,,,,,,,,,,,,
,,,,,,,,,,,,
,,,,,,,,,,,,
,,,,,,,,,,,,
,,,,,,,,,,,,
,,,,,,,,,,,,
,,,,,,,,,,,,
,,,,,,,,,,,,
,,,,,,,,,,,,
,,,,,,,,,,,,
,,,,,,,,,,,,
,,,,,,,,,,,,
,,,,,,,,,,,,
,,,,,,,,,,,,
,,,,,,,,,,,,
,,,,,,,,,,,,
,,,,,,,,,,,,
,,,,,,,,,,,,
,,,,,,,,,,,,
,,,,,,,,,,,,
,,,,,,,,,,,,
,,,,,,,,,,,,
,,,,,,,,,,,,
,,,,,,,,,,,,
,,,,,,,,,,,,
,,,,,,,,,,,,
,,,,,,,,,,,,
,,,,,,,,,,,,
,,,,,,,,,,,,
,,,,,,,,,,,,
,,,,,,,,,,,,
,,,,,,,,,,,,
,,,,,,,,,,,,
,,,,,,,,,,,,
,,,,,,,,,,,,
,,,,,,,,,,,,
,,,,,,,,,,,,
,,,,,,,,,,,,
,,,,,,,,,,,,
,,,,,,,,,,,,
,,,,,,,,,,,,
,,,,,,,,,,,,
,,,,,,,,,,,,
,,,,,,,,,,,,
,,,,,,,,,,,,
,,,,,,,,,,,,
,,,,,,,,,,,,
,,,,,,,,,,,,
,,,,,,,,,,,,
,,,,,,,,,,,,
,,,,,,,,,,,,
,,,,,,,,,,,,
,,,,,,,,,,,,
,,,,,,,,,,,,
,,,,,,,,,,,,
,,,,,,,,,,,,
,,,,,,,,,,,,
,,,,,,,,,,,,
,,,,,,,,,,,,
,,,,,,,,,,,,
,,,,,,,,,,,,
,,,,,,,,,,,,
,,,,,,,,,,,,
,,,,,,,,,,,,
,,,,,,,,,,,,
,,,,,,,,,,,,
,,,,,,,,,,,,
,,,,,,,,,,,,
,,,,,,,,,,,,
,,,,,,,,,,,,
,,,,,,,,,,,,
,,,,,,,,,,,,
,,,,,,,,,,,,
,,,,,,,,,,,,
,,,,,,,,,,,,
,,,,,,,,,,,,
,,,,,,,,,,,,
,,,,,,,,,,,,
,,,,,,,,,,,,
,,,,,,,,,,,,
,,,,,,,,,,,,
,,,,,,,,,,,,
,,,,,,,,,,,,
,,,,,,,,,,,,
,,,,,,,,,,,,
,,,,,,,,,,,,
,,,,,,,,,,,,
,,,,,,,,,,,,
,,,,,,,,,,,,
,,,,,,,,,,,,
,,,,,,,,,,,,
,,,,,,,,,,,,
,,,,,,,,,,,,
,,,,,,,,,,,,
,,,,,,,,,,,,
,,,,,,,,,,,,
,,,,,,,,,,,,
,,,,,,,,,,,,
,,,,,,,,,,,,
,,,,,,,,,,,,
,,,,,,,,,,,,
,,,,,,,,,,,,
,,,,,,,,,,,,
,,,,,,,,,,,,
,,,,,,,,,,,,
,,,,,,,,,,,,
,,,,,,,,,,,,
,,,,,,,,,,,,
,,,,,,,,,,,,
,,,,,,,,,,,,
,,,,,,,,,,,,
,,,,,,,,,,,,
,,,,,,,,,,,,
,,,,,,,,,,,,
,,,,,,,,,,,,
,,,,,,,,,,,,
,,,,,,,,,,,,
,,,,,,,,,,,,
,,,,,,,,,,,,
,,,,,,,,,,,,
,,,,,,,,,,,,
,,,,,,,,,,,,
,,,,,,,,,,,,
,,,,,,,,,,,,
,,,,,,,,,,,,
,,,,,,,,,,,,
,,,,,,,,,,,,
,,,,,,,,,,,,
,,,,,,,,,,,,
,,,,,,,,,,,,
,,,,,,,,,,,,
,,,,,,,,,,,,
,,,,,,,,,,,,
,,,,,,,,,,,,
,,,,,,,,,,,,
,,,,,,,,,,,,
,,,,,,,,,,,,
,,,,,,,,,,,,
,,,,,,,,,,,,
,,,,,,,,,,,,
,,,,,,,,,,,,
,,,,,,,,,,,,
,,,,,,,,,,,,
,,,,,,,,,,,,
,,,,,,,,,,,,
,,,,,,,,,,,,
,,,,,,,,,,,,
,,,,,,,,,,,,
,,,,,,,,,,,,
,,,,,,,,,,,,
,,,,,,,,,,,,
,,,,,,,,,,,,
,,,,,,,,,,,,
,,,,,,,,,,,,
,,,,,,,,,,,,
,,,,,,,,,,,,
,,,,,,,,,,,,
,,,,,,,,,,,,
,,,,,,,,,,,,
,,,,,,,,,,,,
,,,,,,,,,,,,
,,,,,,,,,,,,
,,,,,,,,,,,,
,,,,,,,,,,,,
,,,,,,,,,,,,
,,,,,,,,,,,,
,,,,,,,,,,,,
,,,,,,,,,,,,
,,,,,,,,,,,,
,,,,,,,,,,,,
,,,,,,,,,,,,
,,,,,,,,,,,,
,,,,,,,,,,,,
,,,,,,,,,,,,
,,,,,,,,,,,,
,,,,,,,,,,,,
,,,,,,,,,,,,
,,,,,,,,,,,,
,,,,,,,,,,,,
,,,,,,,,,,,,
,,,,,,,,,,,,
,,,,,,,,,,,,
,,,,,,,,,,,,
,,,,,,,,,,,,
,,,,,,,,,,,,
,,,,,,,,,,,,
,,,,,,,,,,,,
,,,,,,,,,,,,
,,,,,,,,,,,,
,,,,,,,,,,,,
,,,,,,,,,,,,
,,,,,,,,,,,,
,,,,,,,,,,,,
,,,,,,,,,,,,
,,,,,,,,,,,,
,,,,,,,,,,,,
,,,,,,,,,,,,
,,,,,,,,,,,,
,,,,,,,,,,,,
,,,,,,,,,,,,
,,,,,,,,,,,,
,,,,,,,,,,,,
,,,,,,,,,,,,
,,,,,,,,,,,,
,,,,,,,,,,,,
,,,,,,,,,,,,
,,,,,,,,,,,,
,,,,,,,,,,,,
,,,,,,,,,,,,
,,,,,,,,,,,,
,,,,,,,,,,,,
,,,,,,,,,,,,
,,,,,,,,,,,,
,,,,,,,,,,,,
,,,,,,,,,,,,
,,,,,,,,,,,,
,,,,,,,,,,,,
,,,,,,,,,,,,
,,,,,,,,,,,,
,,,,,,,,,,,,
,,,,,,,,,,,,
,,,,,,,,,,,,
,,,,,,,,,,,,
,,,,,,,,,,,,
,,,,,,,,,,,,
,,,,,,,,,,,,
,,,,,,,,,,,,
,,,,,,,,,,,,
,,,,,,,,,,,,
,,,,,,,,,,,,
,,,,,,,,,,,,
,,,,,,,,,,,,
,,,,,,,,,,,,
,,,,,,,,,,,,
,,,,,,,,,,,,
,,,,,,,,,,,,
,,,,,,,,,,,,
,,,,,,,,,,,,
,,,,,,,,,,,,
,,,,,,,,,,,,
,,,,,,,,,,,,
,,,,,,,,,,,,
,,,,,,,,,,,,
,,,,,,,,,,,,
,,,,,,,,,,,,
,,,,,,,,,,,,
,,,,,,,,,,,,
,,,,,,,,,,,,
,,,,,,,,,,,,
,,,,,,,,,,,,
,,,,,,,,,,,,
,,,,,,,,,,,,
,,,,,,,,,,,,
,,,,,,,,,,,,
,,,,,,,,,,,,
,,,,,,,,,,,,
,,,,,,,,,,,,
,,,,,,,,,,,,
,,,,,,,,,,,,
,,,,,,,,,,,,
,,,,,,,,,,,,
,,,,,,,,,,,,
,,,,,,,,,,,,
,,,,,,,,,,,,
,,,,,,,,,,,,
,,,,,,,,,,,,
,,,,,,,,,,,,
,,,,,,,,,,,,
,,,,,,,,,,,,
,,,,,,,,,,,,
,,,,,,,,,,,,
,,,,,,,,,,,,
,,,,,,,,,,,,
,,,,,,,,,,,,
,,,,,,,,,,,,
,,,,,,,,,,,,
,,,,,,,,,,,,
,,,,,,,,,,,,
,,,,,,,,,,,,
,,,,,,,,,,,,
,,,,,,,,,,,,
,,,,,,,,,,,,
,,,,,,,,,,,,
,,,,,,,,,,,,
,,,,,,,,,,,,
,,,,,,,,,,,,
,,,,,,,,,,,,
,,,,,,,,,,,,
,,,,,,,,,,,,
,,,,,,,,,,,,
,,,,,,,,,,,,
,,,,,,,,,,,,
,,,,,,,,,,,,
,,,,,,,,,,,,
,,,,,,,,,,,,
,,,,,,,,,,,,
,,,,,,,,,,,,
,,,,,,,,,,,,
,,,,,,,,,,,,
,,,,,,,,,,,,
,,,,,,,,,,,,
,,,,,,,,,,,,
,,,,,,,,,,,,
,,,,,,,,,,,,
,,,,,,,,,,,,
,,,,,,,,,,,,
,,,,,,,,,,,,
,,,,,,,,,,,,
,,,,,,,,,,,,
,,,,,,,,,,,,
,,,,,,,,,,,,
,,,,,,,,,,,,
,,,,,,,,,,,,
,,,,,,,,,,,,
,,,,,,,,,,,,
,,,,,,,,,,,,
,,,,,,,,,,,,
,,,,,,,,,,,,
,,,,,,,,,,,,
,,,,,,,,,,,,
,,,,,,,,,,,,
,,,,,,,,,,,,
,,,,,,,,,,,,
,,,,,,,,,,,,
,,,,,,,,,,,,
,,,,,,,,,,,,
,,,,,,,,,,,,
,,,,,,,,,,,,
,,,,,,,,,,,,
,,,,,,,,,,,,
,,,,,,,,,,,,
,,,,,,,,,,,,
,,,,,,,,,,,,
,,,,,,,,,,,,
,,,,,,,,,,,,
,,,,,,,,,,,,
